id,url,header,address,area,rooms,bathrooms,garages,amenities,price,condo,crawler,crawled_at
2558558970,https://www.vivareal.com.br/imovel/apartamento-1-quartos-centro-bairros-campinas-com-garagem-49m2-aluguel-RS950-id-2558558970/,"Apartamento com Quarto para Aluguel, 49m²","Rua Itu, 86 - Centro, Campinas - SP",49,1 Quarto,2 Banheiros,1 Vaga,Portão eletrônico,R$ 950 /mês,R$ 583,Campinas,2022-05-11 22:33
2559659498,https://www.vivareal.com.br/imovel/apartamento-2-quartos-mansoes-santo-antonio-bairros-campinas-com-garagem-75m2-venda-RS480000-id-2559659498/,Apartamento com 2 Quartos para Venda/Aluguel 75m²,"Rua Hermantino Coelho, 161 - Mansões Santo Antônio, Campinas - SP",75,2 Quartos,2 Banheiros,1 Vaga,Varanda,"R$ 2.600 /mês
R$ 480.000",R$ 600,Campinas,2022-05-11 22:33
2561701454,https://www.vivareal.com.br/imovel/apartamento-3-quartos-swiss-park-bairros-campinas-com-garagem-103m2-aluguel-RS3500-id-2561701454/,"Apartamento com 3 Quartos para Aluguel, 103m²","Avenida Wellman Galvão de França Rangel, 798 - Swiss Park, Campinas - SP",103,3 Quartos,3 Banheiros,2 Vagas,"Piscina
Churrasqueira
Elevador
Academia
Playground
...",R$ 3.500 /mês,R$ 1.000,Campinas,2022-05-11 22:33
2561568233,https://www.vivareal.com.br/imovel/apartamento-2-quartos-jardim-proenca-bairros-campinas-com-garagem-72m2-aluguel-RS750-id-2561568233/,"Apartamento com 2 Quartos para Aluguel, 72m²","Rua Serra dos Itatins - Jardim Proença, Campinas - SP",72,2 Quartos,1 Banheiro,1 Vaga,"Cozinha
Elevador
Interfone
Lavanderia",R$ 750 /mês,R$ 650,Campinas,2022-05-11 22:33
2561186570,https://www.vivareal.com.br/imovel/apartamento-2-quartos-mansoes-santo-antonio-bairros-campinas-com-garagem-70m2-aluguel-RS3074-id-2561186570/,"Apartamento com 2 Quartos para Aluguel, 70m²","Mansões Santo Antônio, Campinas - SP",70,2 Quartos,2 Banheiros,2 Vagas,"Piscina
Churrasqueira
Elevador
Condomínio fechado
Área de serviço
...",R$ 3.074 /mês,R$ 695,Campinas,2022-05-11 22:33
2547080594,https://www.vivareal.com.br/imovel/apartamento-3-quartos-cambui-bairros-campinas-com-garagem-180m2-aluguel-RS2000-id-2547080594/,"Apartamento com 3 Quartos para Aluguel, 180m²","Avenida Júlio de Mesquita, 1054 - Cambuí, Campinas - SP",180,3 Quartos,3 Banheiros,1 Vaga,,R$ 2.000 /mês,R$ 2.000,Campinas,2022-05-11 22:33
2559283114,https://www.vivareal.com.br/imovel/apartamento-3-quartos-chacara-da-barra-bairros-campinas-com-garagem-100m2-venda-RS520000-id-2559283114/,Apartamento com 3 Quartos para Venda/Aluguel 100m²,"Rua Maria da Encarnação Duarte, 128 - Chácara da Barra, Campinas - SP",100,3 Quartos,3 Banheiros,2 Vagas,"Closet
Varanda
Elevador","R$ 2.300 /mês
R$ 520.000",R$ 780,Campinas,2022-05-11 22:33
2559279348,https://www.vivareal.com.br/imovel/apartamento-3-quartos-cambui-bairros-campinas-com-garagem-102m2-venda-RS890000-id-2559279348/,Apartamento com 3 Quartos para Venda/Aluguel 102m²,"Rua Antônio Lapa, 1043 - Cambuí, Campinas - SP",102,3 Quartos,4 Banheiros,3 Vagas,"Piscina
Varanda
Academia
Playground
Lavanderia
...","R$ 3.200 /mês
R$ 890.000",R$ 1.191,Campinas,2022-05-11 22:33
2560068453,https://www.vivareal.com.br/imovel/apartamento-2-quartos-swift-bairros-campinas-com-garagem-60m2-venda-RS450000-id-2560068453/,Apartamento com 2 Quartos à Venda/Aluguel 60m²,"Rua Martinho Calsavara - Swift, Campinas - SP",60,2 Quartos,2 Banheiros,1 Vaga,"Piscina
Churrasqueira
Elevador
Condomínio fechado
Varanda
...","R$ 2.050 /mês
R$ 450.000",R$ 422,Campinas,2022-05-11 22:33
2554850867,https://www.vivareal.com.br/imovel/apartamento-3-quartos-jardim-nova-europa-bairros-campinas-com-garagem-62m2-aluguel-RS1650-id-2554850867/,"Apartamento com 3 Quartos para Aluguel, 62m²","Jardim Nova Europa, Campinas - SP",62,3 Quartos,2 Banheiros,1 Vaga,"Piscina
Churrasqueira
Condomínio fechado
Área de serviço
Quadra poliesportiva
...",R$ 1.650 /mês,R$ 325,Campinas,2022-05-11 22:33
2560557359,https://www.vivareal.com.br/imovel/apartamento-1-quartos-centro-bairros-campinas-com-garagem-46m2-aluguel-RS2500-id-2560557359/,"Apartamento com Quarto para Aluguel, 46m²","Rua Ferreira Penteado, 880 - Centro, Campinas - SP",46,1 Quarto,1 Banheiro,1 Vaga,Mobiliado,R$ 2.500 /mês,R$ 360,Campinas,2022-05-11 22:33
2561552589,https://www.vivareal.com.br/imovel/apartamento-1-quartos-cambui-bairros-campinas-com-garagem-45m2-aluguel-RS1100-id-2561552589/,"Apartamento com Quarto para Aluguel, 45m²","Rua Coronel Quirino, 2152 - Cambuí, Campinas - SP",45,1 Quarto,1 Banheiro,1 Vaga,"Elevador
Condomínio fechado
Aceita animais
Jardim
Portaria 24h
...",R$ 1.100 /mês,R$ 804,Campinas,2022-05-11 22:33
2559739371,https://www.vivareal.com.br/imovel/apartamento-2-quartos-parque-dom-pedro-ii-bairros-campinas-com-garagem-58m2-aluguel-RS1250-id-2559739371/,"Apartamento com 2 Quartos para Aluguel, 58m²","Avenida Coaciara, 1101 - Parque Dom Pedro II, Campinas - SP",58,2 Quartos,1 Banheiro,1 Vaga,"Playground
Piscina para adulto
Interfone
Piscina",R$ 1.250 /mês,,Campinas,2022-05-11 22:33
2560107177,https://www.vivareal.com.br/imovel/apartamento-3-quartos-cambui-bairros-campinas-com-garagem-106m2-aluguel-RS2300-id-2560107177/,"Apartamento com 3 Quartos para Aluguel, 106m²","Avenida Júlio de Mesquita, 590 - Cambuí, Campinas - SP",106,3 Quartos,3 Banheiros,1 Vaga,Interfone,R$ 2.300 /mês,R$ 900,Campinas,2022-05-11 22:33
2543683877,https://www.vivareal.com.br/imovel/apartamento-2-quartos-chacaras-campos-eliseos-bairros-campinas-com-garagem-45m2-aluguel-RS750-id-2543683877/,"Apartamento com 2 Quartos para Aluguel, 45m²","Chácaras Campos Elíseos, Campinas - SP",45,2 Quartos,1 Banheiro,1 Vaga,Cozinha americana,R$ 750 /mês,,Campinas,2022-05-11 22:33
2555169229,https://www.vivareal.com.br/imovel/apartamento-2-quartos-botafogo-bairros-campinas-com-garagem-66m2-aluguel-RS3300-id-2555169229/,"Apartamento com 2 Quartos para Aluguel, 66m²","Botafogo, Campinas - SP",66,2 Quartos,2 Banheiros,1 Vaga,"Churrasqueira
Piscina
Playground",R$ 3.300 /mês,R$ 561,Campinas,2022-05-11 22:33
2560923708,https://www.vivareal.com.br/imovel/apartamento-3-quartos-mansoes-santo-antonio-bairros-campinas-com-garagem-123m2-aluguel-RS6000-id-2560923708/,"Apartamento com 3 Quartos para Aluguel, 123m²","Mansões Santo Antônio, Campinas - SP",123,3 Quartos,3 Banheiros,3 Vagas,"Piscina
Churrasqueira
Elevador
Condomínio fechado
Varanda
...",R$ 6.000 /mês,R$ 820,Campinas,2022-05-11 22:33
2548262062,https://www.vivareal.com.br/imovel/apartamento-1-quartos-centro-bairros-campinas-com-garagem-32m2-aluguel-RS1300-id-2548262062/,"Apartamento com Quarto para Aluguel, 32m²","Rua Onze de Agosto, 411 - Centro, Campinas - SP",32,1 Quarto,1 Banheiro,1 Vaga,"Piscina
Mobiliado
Elevador
Condomínio fechado
Academia
...",R$ 1.300 /mês,R$ 1.100,Campinas,2022-05-11 22:33
2551365805,https://www.vivareal.com.br/imovel/apartamento-1-quartos-guanabara-bairros-campinas-com-garagem-42m2-aluguel-RS3250-id-2551365805/,"Apartamento com Quarto para Aluguel, 42m²","Rua Álvaro Muller, 136 - Guanabara, Campinas - SP",42,1 Quarto,1 Banheiro,1 Vaga,"Piscina
Mobiliado
Churrasqueira
Elevador
Condomínio fechado
...",R$ 3.250 /mês,R$ 340,Campinas,2022-05-11 22:33
2550712330,https://www.vivareal.com.br/imovel/apartamento-3-quartos-bonfim-bairros-campinas-com-garagem-85m2-aluguel-RS1600-id-2550712330/,"Apartamento com 3 Quartos para Aluguel, 85m²","Rua Antônio José Ribeiro Júnior, 95 - Bonfim, Campinas - SP",85,3 Quartos,3 Banheiros,1 Vaga,"Piscina
Churrasqueira
Elevador
Área de serviço
Quadra poliesportiva
...",R$ 1.600 /mês,R$ 835,Campinas,2022-05-11 22:33
2560421609,https://www.vivareal.com.br/imovel/apartamento-1-quartos-cambui-bairros-campinas-com-garagem-50m2-aluguel-RS1500-id-2560421609/,"Apartamento com Quarto para Aluguel, 50m²","Rua Doutor Emílio Ribas, 1007 - Cambuí, Campinas - SP",50,1 Quarto,1 Banheiro,1 Vaga,"Piscina
Elevador
Varanda
Área de serviço
Cozinha
...",R$ 1.500 /mês,R$ 810,Campinas,2022-05-11 22:33
2558542985,https://www.vivareal.com.br/imovel/apartamento-2-quartos-vila-itapura-bairros-campinas-com-garagem-65m2-aluguel-RS1250-id-2558542985/,"Apartamento com 2 Quartos para Aluguel, 65m²","Rua Barão de Atibaia - Vila Itapura, Campinas - SP",65,2 Quartos,2 Banheiros,1 Vaga,"Churrasqueira
Elevador
Varanda
Área de serviço
Playground
...",R$ 1.250 /mês,R$ 675,Campinas,2022-05-11 22:33
2561504055,https://www.vivareal.com.br/imovel/apartamento-1-quartos-cambui-bairros-campinas-com-garagem-70m2-venda-RS910000-id-2561504055/,Apartamento com Quarto para Venda/Aluguel 70m²,"Rua Doutor Liráucio Gomes, 230 - Cambuí, Campinas - SP",70,1 Quarto,1 Banheiro,1 Vaga,"Piscina para adulto
Academia
Lavanderia
Piscina","R$ 3.900 /mês
R$ 910.000",R$ 560,Campinas,2022-05-11 22:33
2557560579,https://www.vivareal.com.br/imovel/apartamento-3-quartos-loteamento-alphaville-campinas-bairros-campinas-com-garagem-113m2-aluguel-RS5500-id-2557560579/,"Apartamento com 3 Quartos para Aluguel, 113m²","Loteamento Alphaville Campinas, Campinas - SP",113,3 Quartos,4 Banheiros,3 Vagas,"Piscina
Mobiliado
Academia
Playground
Varanda gourmet
...",R$ 5.500 /mês,R$ 1.051,Campinas,2022-05-11 22:33
2555708561,https://www.vivareal.com.br/imovel/apartamento-2-quartos-chacara-primavera-bairros-campinas-com-garagem-80m2-aluguel-RS3800-id-2555708561/,"Apartamento com 2 Quartos para Aluguel, 80m²","Rua Jasmim, 250 - Chácara Primavera, Campinas - SP",80,2 Quartos,2 Banheiros,1 Vaga,"Piscina
Mobiliado
Churrasqueira
Elevador
Varanda
...",R$ 3.800 /mês,R$ 810,Campinas,2022-05-11 22:33
2561849696,https://www.vivareal.com.br/imovel/apartamento-2-quartos-jardim-nova-europa-bairros-campinas-com-garagem-51m2-aluguel-RS1500-id-2561849696/,"Apartamento com 2 Quartos para Aluguel, 51m²","Rua Manoel Sylvestre de Freitas Filho, 1224 - Jardim Nova Europa, Campinas - SP",51,2 Quartos,2 Banheiros,1 Vaga,,R$ 1.500 /mês,R$ 250,Campinas,2022-05-11 22:33
2560703760,https://www.vivareal.com.br/imovel/apartamento-2-quartos-vila-marieta-bairros-campinas-com-garagem-50m2-aluguel-RS1290-id-2560703760/,"Apartamento com 2 Quartos para Aluguel, 50m²","Avenida Washington Luís, 4400 - Vila Marieta, Campinas - SP",50,2 Quartos,1 Banheiro,1 Vaga,"Churrasqueira
Condomínio fechado
Espaço gourmet
Playground
Salão de festas
...",R$ 1.290 /mês,R$ 213,Campinas,2022-05-11 22:33
2557313848,https://www.vivareal.com.br/imovel/apartamento-3-quartos-recanto-do-sol-i-bairros-campinas-com-garagem-49m2-aluguel-RS1200-id-2557313848/,"Apartamento com 3 Quartos para Aluguel, 49m²","Rua Professora Urana Gomes Barros, 390 - Recanto do Sol I, Campinas - SP",49,3 Quartos,1 Banheiro,1 Vaga,"Churrasqueira
Cozinha
Lavanderia
Quadra poliesportiva
Varanda",R$ 1.200 /mês,,Campinas,2022-05-11 22:33
2561037608,https://www.vivareal.com.br/imovel/apartamento-2-quartos-vila-padre-manoel-de-nobrega-bairros-campinas-com-garagem-50m2-venda-RS149000-id-2561037608/,Apartamento com 2 Quartos à Venda/Aluguel 50m²,"Rua Ema - Vila Padre Manoel de Nóbrega, Campinas - SP",50,2 Quartos,1 Banheiro,1 Vaga,"Condomínio fechado
Aceita animais","R$ 850 /mês
R$ 149.000",R$ 200,Campinas,2022-05-11 22:33
2557808636,https://www.vivareal.com.br/imovel/apartamento-1-quartos-cambui-bairros-campinas-com-garagem-50m2-aluguel-RS1500-id-2557808636/,"Apartamento com Quarto para Aluguel, 50m²","Cambuí, Campinas - SP",50,1 Quarto,2 Banheiros,1 Vaga,,R$ 1.500 /mês,R$ 178,Campinas,2022-05-11 22:33
2559408467,https://www.vivareal.com.br/imovel/apartamento-2-quartos-jardim-marcia-bairros-campinas-com-garagem-48m2-aluguel-RS1250-id-2559408467/,"Apartamento com 2 Quartos para Aluguel, 48m²","Rua Doutor Jeber Juabre, 145 - Jardim Márcia, Campinas - SP",48,2 Quartos,2 Banheiros,1 Vaga,"Playground
Churrasqueira
Academia",R$ 1.250 /mês,R$ 396,Campinas,2022-05-11 22:33
2560372092,https://www.vivareal.com.br/imovel/apartamento-2-quartos-mansoes-santo-antonio-bairros-campinas-com-garagem-57m2-aluguel-RS2600-id-2560372092/,"Apartamento com 2 Quartos para Aluguel, 57m²","Mansões Santo Antônio, Campinas - SP",57,2 Quartos,2 Banheiros,2 Vagas,"Playground
Varanda",R$ 2.600 /mês,R$ 402,Campinas,2022-05-11 22:33
2560233568,https://www.vivareal.com.br/imovel/apartamento-3-quartos-taquaral-bairros-campinas-com-garagem-75m2-aluguel-RS2950-id-2560233568/,"Apartamento com 3 Quartos para Aluguel, 75m²","Taquaral, Campinas - SP",75,3 Quartos,2 Banheiros,2 Vagas,"Piscina
Churrasqueira
Elevador
Varanda
Área de serviço
...",R$ 2.950 /mês,R$ 725,Campinas,2022-05-11 22:33
2560679391,https://www.vivareal.com.br/imovel/apartamento-3-quartos-swift-bairros-campinas-com-garagem-87m2-aluguel-RS3300-id-2560679391/,"Apartamento com 3 Quartos para Aluguel, 87m²","Rua Engenheiro Augusto de Figueiredo - Swift, Campinas - SP",87,3 Quartos,3 Banheiros,2 Vagas,"Piscina
Churrasqueira
Elevador
Condomínio fechado
Academia
...",R$ 3.300 /mês,R$ 670,Campinas,2022-05-11 22:33
2553939444,https://www.vivareal.com.br/imovel/apartamento-2-quartos-cambui-bairros-campinas-com-garagem-84m2-venda-RS535000-id-2553939444/,Apartamento com 2 Quartos para Venda/Aluguel 84m²,"Rua Olavo Bilac, 459 - Cambuí, Campinas - SP",84,2 Quartos,1 Banheiro,1 Vaga,Garagem,"R$ 1.800 /mês
R$ 535.000",R$ 800,Campinas,2022-05-11 22:33
2559282027,https://www.vivareal.com.br/imovel/apartamento-1-quartos-cambui-bairros-campinas-com-garagem-57m2-aluguel-RS3200-id-2559282027/,"Apartamento com Quarto para Aluguel, 57m²","Rua Doutor Sampaio Peixoto, 331 - Cambuí, Campinas - SP",57,1 Quarto,2 Banheiros,1 Vaga,"Piscina
Mobiliado
Churrasqueira
Academia
Playground
...",R$ 3.200 /mês,R$ 435,Campinas,2022-05-11 22:33
2560435295,https://www.vivareal.com.br/imovel/apartamento-3-quartos-loteamento-parque-sao-martinho-bairros-campinas-com-garagem-64m2-venda-RS350000-id-2560435295/,Apartamento com 3 Quartos para Venda/Aluguel 64m²,"Loteamento Parque São Martinho, Campinas - SP",64,3 Quartos,2 Banheiros,1 Vaga,,"R$ 1.400 /mês
R$ 350.000",R$ 600,Campinas,2022-05-11 22:33
2561525741,https://www.vivareal.com.br/imovel/apartamento-2-quartos-bosque-bairros-campinas-com-garagem-85m2-aluguel-RS1200-id-2561525741/,"Apartamento com 2 Quartos para Aluguel, 85m²","Rua Barão de Paranapanema - Bosque, Campinas - SP",85,2 Quartos,2 Banheiros,1 Vaga,,R$ 1.200 /mês,R$ 542,Campinas,2022-05-11 22:33
2559283412,https://www.vivareal.com.br/imovel/apartamento-1-quartos-cambui-bairros-campinas-com-garagem-60m2-aluguel-RS3000-id-2559283412/,"Apartamento com Quarto para Aluguel, 60m²","Rua Santo Antônio, 135 - Cambuí, Campinas - SP",60,1 Quarto,2 Banheiros,1 Vaga,"Piscina
Mobiliado
Closet
Lavanderia
Copa
...",R$ 3.000 /mês,R$ 1.100,Campinas,2022-05-11 22:33
2556257313,https://www.vivareal.com.br/imovel/apartamento-3-quartos-cambui-bairros-campinas-com-garagem-107m2-aluguel-RS4600-id-2556257313/,"Apartamento com 3 Quartos para Aluguel, 107m²","Rua Santo Antônio, 338 - Cambuí, Campinas - SP",107,3 Quartos,4 Banheiros,2 Vagas,"Piscina para adulto
Varanda gourmet
Lavanderia
Piscina",R$ 4.600 /mês,R$ 1.360,Campinas,2022-05-11 22:33
2554206102,https://www.vivareal.com.br/imovel/apartamento-2-quartos-parque-italia-bairros-campinas-com-garagem-55m2-aluguel-RS2550-id-2554206102/,"Apartamento com 2 Quartos para Aluguel, 55m²","Avenida das Amoreiras, 633 - Parque Itália, Campinas - SP",55,2 Quartos,2 Banheiros,1 Vaga,"Piscina
Churrasqueira
Academia
Espaço gourmet
Ar-condicionado
...",R$ 2.550 /mês,R$ 436,Campinas,2022-05-11 22:33
2557202937,https://www.vivareal.com.br/imovel/apartamento-2-quartos-vila-joao-jorge-bairros-campinas-com-garagem-92m2-aluguel-RS1250-id-2557202937/,"Apartamento com 2 Quartos para Aluguel, 92m²","Avenida General Carneiro, 576 - Vila João Jorge, Campinas - SP",92,2 Quartos,2 Banheiros,1 Vaga,"Playground
Condomínio fechado
Portão eletrônico
Portaria 24h",R$ 1.250 /mês,R$ 436,Campinas,2022-05-11 22:33
2561183762,https://www.vivareal.com.br/imovel/apartamento-3-quartos-chacara-da-barra-bairros-campinas-com-garagem-75m2-aluguel-RS1900-id-2561183762/,"Apartamento com 3 Quartos para Aluguel, 75m²","Avenida Doutor Jesuíno Marcondes Machado, 2201 - Chácara da Barra, Campinas - SP",75,3 Quartos,2 Banheiros,1 Vaga,Varanda,R$ 1.900 /mês,R$ 770,Campinas,2022-05-11 22:33
2558672216,https://www.vivareal.com.br/imovel/apartamento-3-quartos-mansoes-santo-antonio-bairros-campinas-com-garagem-111m2-aluguel-RS3200-id-2558672216/,"Apartamento com 3 Quartos para Aluguel, 111m²","Mansões Santo Antônio, Campinas - SP",111,3 Quartos,2 Banheiros,3 Vagas,Piscina,R$ 3.200 /mês,R$ 500,Campinas,2022-05-11 22:33
2560232997,https://www.vivareal.com.br/imovel/apartamento-1-quartos-cambui-bairros-campinas-com-garagem-47m2-aluguel-RS2500-id-2560232997/,"Apartamento com Quarto para Aluguel, 47m²","Cambuí, Campinas - SP",47,1 Quarto,2 Banheiros,1 Vaga,"Piscina
Elevador
Varanda
Ar-condicionado
Área de serviço
...",R$ 2.500 /mês,R$ 590,Campinas,2022-05-11 22:33
2561166268,https://www.vivareal.com.br/imovel/apartamento-2-quartos-jardim-von-zuben-bairros-campinas-com-garagem-61m2-aluguel-RS850-id-2561166268/,"Apartamento com 2 Quartos para Aluguel, 61m²","Avenida Engenheiro Antônio Francisco de Paula Souza, 3008 - Jardim Von Zuben, Campinas - SP",61,2 Quartos,1 Banheiro,1 Vaga,"Piscina
Churrasqueira
Condomínio fechado
Academia",R$ 850 /mês,R$ 435,Campinas,2022-05-11 22:33
2559284069,https://www.vivareal.com.br/imovel/apartamento-3-quartos-parque-prado-bairros-campinas-com-garagem-80m2-venda-RS550000-id-2559284069/,Apartamento com 3 Quartos para Venda/Aluguel 80m²,"Avenida Maria Emília Alves dos Santos de Ângelis, 520 - Parque Prado, Campinas - SP",80,3 Quartos,3 Banheiros,2 Vagas,"Varanda
Elevador
Mobiliado","R$ 2.700 /mês
R$ 550.000",R$ 1.028,Campinas,2022-05-11 22:33
2559610064,https://www.vivareal.com.br/imovel/apartamento-3-quartos-jardim-guarani-bairros-campinas-com-garagem-100m2-aluguel-RS2000-id-2559610064/,"Apartamento com 3 Quartos para Aluguel, 100m²","Rua Professor Saul Carlos da Silva - Jardim Guarani, Campinas - SP",100,3 Quartos,2 Banheiros,1 Vaga,"Churrasqueira
Segurança 24h
Cozinha
Salão de festas",R$ 2.000 /mês,R$ 551,Campinas,2022-05-11 22:33
2559916938,https://www.vivareal.com.br/imovel/apartamento-1-quartos-centro-bairros-campinas-44m2-aluguel-RS600-id-2559916938/,"Apartamento com Quarto para Aluguel, 44m²","Rua Regente Feijó, 1553 - Centro, Campinas - SP",44,1 Quarto,1 Banheiro,-- Vaga,"Cozinha
Varanda
Quintal
Área de serviço",R$ 600 /mês,R$ 350,Campinas,2022-05-11 22:33
2555667932,https://www.vivareal.com.br/imovel/apartamento-2-quartos-cambui-bairros-campinas-com-garagem-63m2-aluguel-RS2750-id-2555667932/,"Apartamento com 2 Quartos para Aluguel, 63m²","Rua Dona Josefina Sarmento, 367 - Cambuí, Campinas - SP",63,2 Quartos,2 Banheiros,2 Vagas,"Playground
Piscina para adulto
Varanda
Piscina",R$ 2.750 /mês,R$ 783,Campinas,2022-05-11 22:33
2561265358,https://www.vivareal.com.br/imovel/apartamento-3-quartos-jardim-nova-europa-bairros-campinas-com-garagem-68m2-aluguel-RS1900-id-2561265358/,"Apartamento com 3 Quartos para Aluguel, 68m²","Jardim Nova Europa, Campinas - SP",68,3 Quartos,2 Banheiros,1 Vaga,"Piscina
Churrasqueira
Academia
Área de serviço
Playground
...",R$ 1.900 /mês,R$ 375,Campinas,2022-05-11 22:33
2560382138,https://www.vivareal.com.br/imovel/apartamento-1-quartos-botafogo-bairros-campinas-com-garagem-59m2-aluguel-RS1500-id-2560382138/,"Apartamento com Quarto para Aluguel, 59m²","Botafogo, Campinas - SP",59,1 Quarto,2 Banheiros,1 Vaga,"Mobiliado
Churrasqueira
Elevador
Varanda
Área de serviço
...",R$ 1.500 /mês,R$ 350,Campinas,2022-05-11 22:33
2560801162,https://www.vivareal.com.br/imovel/apartamento-2-quartos-centro-bairros-campinas-com-garagem-64m2-aluguel-RS2300-id-2560801162/,"Apartamento com 2 Quartos para Aluguel, 64m²","Rua Luzitana, 43 - Centro, Campinas - SP",64,2 Quartos,2 Banheiros,1 Vaga,"Elevador
Varanda gourmet",R$ 2.300 /mês,R$ 416,Campinas,2022-05-11 22:33
2554094805,https://www.vivareal.com.br/imovel/apartamento-2-quartos-vila-estanislau-bairros-campinas-com-garagem-78m2-aluguel-RS2000-id-2554094805/,"Apartamento com 2 Quartos para Aluguel, 78m²","Rua Quirino do Amaral Campos, 101 - Vila Estanislau, Campinas - SP",78,2 Quartos,2 Banheiros,1 Vaga,"Condomínio fechado
Portão eletrônico
Portaria 24h",R$ 2.000 /mês,R$ 570,Campinas,2022-05-11 22:33
2506557532,https://www.vivareal.com.br/imovel/apartamento-1-quartos-botafogo-bairros-campinas-com-garagem-47m2-venda-RS400000-id-2506557532/,Apartamento com Quarto para Venda/Aluguel 47m²,"Botafogo, Campinas - SP",47,1 Quarto,1 Banheiro,1 Vaga,"Piscina
Mobiliado
Churrasqueira
Elevador
Varanda
...","R$ 2.000 /mês
R$ 400.000",R$ 476,Campinas,2022-05-11 22:33
2556731461,https://www.vivareal.com.br/imovel/apartamento-2-quartos-botafogo-bairros-campinas-com-garagem-65m2-aluguel-RS1500-id-2556731461/,"Apartamento com 2 Quartos para Aluguel, 65m²","Travessa Otávio Mendes, 167 - Botafogo, Campinas - SP",65,2 Quartos,2 Banheiros,1 Vaga,,R$ 1.500 /mês,R$ 300,Campinas,2022-05-11 22:33
2561857890,https://www.vivareal.com.br/imovel/apartamento-3-quartos-cambui-bairros-campinas-com-garagem-107m2-aluguel-RS4600-id-2561857890/,"Apartamento com 3 Quartos para Aluguel, 107m²","Rua Santo Antônio, 338 - Cambuí, Campinas - SP",107,3 Quartos,4 Banheiros,2 Vagas,"Piscina
Churrasqueira
Elevador
Condomínio fechado
Academia
...",R$ 4.600 /mês,R$ 1.360,Campinas,2022-05-11 22:33
2559397686,https://www.vivareal.com.br/imovel/apartamento-1-quartos-cambui-bairros-campinas-com-garagem-36m2-venda-RS580000-id-2559397686/,Apartamento com Quarto para Venda/Aluguel 36m²,"Rua Alecrins, 745 - Cambuí, Campinas - SP",36,1 Quarto,1 Banheiro,1 Vaga,"Piscina para adulto
Varanda
Mobiliado
Lavanderia
Piscina","R$ 3.100 /mês
R$ 580.000",R$ 690,Campinas,2022-05-11 22:33
2558367882,https://www.vivareal.com.br/imovel/apartamento-1-quartos-taquaral-bairros-campinas-36m2-venda-RS120000-id-2558367882/,Apartamento com Quarto para Venda/Aluguel 36m²,"Taquaral, Campinas - SP",36,1 Quarto,1 Banheiro,-- Vaga,"Elevador
Interfone","R$ 550 /mês
R$ 120.000",R$ 380,Campinas,2022-05-11 22:33
2555919047,https://www.vivareal.com.br/imovel/apartamento-2-quartos-jardim-paraiso-bairros-campinas-com-garagem-90m2-aluguel-RS1600-id-2555919047/,"Apartamento com 2 Quartos para Aluguel, 90m²","Jardim Paraíso, Campinas - SP",90,2 Quartos,3 Banheiros,1 Vaga,"Piscina
Elevador
Academia
Garagem
Playground
...",R$ 1.600 /mês,R$ 800,Campinas,2022-05-11 22:33
2555064478,https://www.vivareal.com.br/imovel/apartamento-2-quartos-mansoes-santo-antonio-bairros-campinas-com-garagem-73m2-aluguel-RS5003-id-2555064478/,"Apartamento com 2 Quartos para Aluguel, 73m²","Rua Luiz Otávio, 2245 - Mansões Santo Antônio, Campinas - SP",73,2 Quartos,2 Banheiros,2 Vagas,"Piscina
Mobiliado
Churrasqueira
Elevador
Condomínio fechado
...",R$ 5.003 /mês,R$ 665,Campinas,2022-05-11 22:33
2560640450,https://www.vivareal.com.br/imovel/apartamento-1-quartos-botafogo-bairros-campinas-com-garagem-59m2-aluguel-RS1400-id-2560640450/,"Apartamento com Quarto para Aluguel, 59m²","Botafogo, Campinas - SP",59,1 Quarto,2 Banheiros,1 Vaga,,R$ 1.400 /mês,R$ 585,Campinas,2022-05-11 22:33
2560167395,https://www.vivareal.com.br/imovel/apartamento-2-quartos-centro-bairros-campinas-88m2-venda-RS280000-id-2560167395/,Apartamento com 2 Quartos para Venda/Aluguel 88m²,"Avenida Andrade Neves, 290 - Centro, Campinas - SP",88,2 Quartos,1 Banheiro,-- Vaga,"Academia
Condomínio fechado
Portão eletrônico
Aceita animais","R$ 1.000 /mês
R$ 280.000",R$ 500,Campinas,2022-05-11 22:33
2560251864,https://www.vivareal.com.br/imovel/apartamento-3-quartos-parque-prado-bairros-campinas-com-garagem-109m2-aluguel-RS3750-id-2560251864/,"Apartamento com 3 Quartos para Aluguel, 109m²","Avenida Maria Emília Alves dos Santos de Ângelis, 859 - Parque Prado, Campinas - SP",109,3 Quartos,3 Banheiros,2 Vagas,"Piscina
Elevador
Academia
Playground
Piscina para adulto",R$ 3.750 /mês,R$ 850,Campinas,2022-05-11 22:33
2542488620,https://www.vivareal.com.br/imovel/apartamento-2-quartos-jardim-das-bandeiras-bairros-campinas-com-garagem-55m2-aluguel-RS750-id-2542488620/,"Apartamento com 2 Quartos para Aluguel, 55m²","Rua Bernardino Martins Filho - Jardim das Bandeiras, Campinas - SP",55,2 Quartos,1 Banheiro,1 Vaga,"Condomínio fechado
Academia
Aceita animais
Jardim
Playground
...",R$ 750 /mês,R$ 480,Campinas,2022-05-11 22:33
2560831570,https://www.vivareal.com.br/imovel/apartamento-4-quartos-cambui-bairros-campinas-com-garagem-198m2-aluguel-RS3800-id-2560831570/,"Apartamento com 4 Quartos para Aluguel, 198m²","Cambuí, Campinas - SP",198,4 Quartos,5 Banheiros,3 Vagas,"Piscina
Churrasqueira
Ar-condicionado
Playground
Closet
...",R$ 3.800 /mês,R$ 198.771,Campinas,2022-05-11 22:33
2546222590,https://www.vivareal.com.br/imovel/apartamento-3-quartos-fazenda-sao-quirino-bairros-campinas-com-garagem-153m2-aluguel-RS8900-id-2546222590/,"Apartamento com 3 Quartos para Aluguel, 153m²","Rua Antonietta Bernardi Pellatieri, 605 - Fazenda São Quirino, Campinas - SP",153,3 Quartos,5 Banheiros,3 Vagas,"Piscina
Churrasqueira
Elevador
Condomínio fechado
Academia
...",R$ 8.900 /mês,R$ 1.380,Campinas,2022-05-11 22:33
2561722078,https://www.vivareal.com.br/imovel/apartamento-3-quartos-mansoes-santo-antonio-bairros-campinas-com-garagem-98m2-venda-RS850000-id-2561722078/,Apartamento com 3 Quartos para Venda/Aluguel 98m²,"Mansões Santo Antônio, Campinas - SP",98,3 Quartos,2 Banheiros,2 Vagas,"Churrasqueira
Elevador
Condomínio fechado
Varanda
Ar-condicionado
...","R$ 4.135 /mês
R$ 850.000",R$ 800,Campinas,2022-05-11 22:33
2558023464,https://www.vivareal.com.br/imovel/apartamento-2-quartos-cambui-bairros-campinas-com-garagem-81m2-venda-RS910000-id-2558023464/,Apartamento com 2 Quartos à Venda/Aluguel 81m²,"Rua Doutor Sampaio Peixoto - Cambuí, Campinas - SP",81,2 Quartos,3 Banheiros,1 Vaga,"Piscina
Mobiliado
Churrasqueira
Elevador
Condomínio fechado
...","R$ 5.900 /mês
R$ 910.000",R$ 638,Campinas,2022-05-11 22:33
2560028235,https://www.vivareal.com.br/imovel/apartamento-2-quartos-vila-industrial-bairros-campinas-com-garagem-75m2-aluguel-RS1500-id-2560028235/,"Apartamento com 2 Quartos para Aluguel, 75m²","Rua Amador Bueno, 165 - Vila Industrial, Campinas - SP",75,2 Quartos,2 Banheiros,1 Vaga,"Piscina
Elevador
Condomínio fechado
Aceita animais
Jardim
...",R$ 1.500 /mês,R$ 698,Campinas,2022-05-11 22:33
2558687954,https://www.vivareal.com.br/imovel/apartamento-3-quartos-parque-prado-bairros-campinas-com-garagem-87m2-aluguel-RS3450-id-2558687954/,"Apartamento com 3 Quartos para Aluguel, 87m²","Avenida Brunoro de Gasperi, 470 - Parque Prado, Campinas - SP",87,3 Quartos,3 Banheiros,2 Vagas,"Churrasqueira
Elevador
Varanda
Academia
Playground
...",R$ 3.450 /mês,R$ 800,Campinas,2022-05-11 22:33
2558023464,https://www.vivareal.com.br/imovel/apartamento-2-quartos-cambui-bairros-campinas-com-garagem-81m2-venda-RS910000-id-2558023464/,Apartamento com 2 Quartos à Venda/Aluguel 81m²,"Rua Doutor Sampaio Peixoto - Cambuí, Campinas - SP",81,2 Quartos,3 Banheiros,1 Vaga,"Piscina
Mobiliado
Churrasqueira
Elevador
Condomínio fechado
...","R$ 5.900 /mês
R$ 910.000",R$ 638,Campinas,2022-05-11 22:33
2560028235,https://www.vivareal.com.br/imovel/apartamento-2-quartos-vila-industrial-bairros-campinas-com-garagem-75m2-aluguel-RS1500-id-2560028235/,"Apartamento com 2 Quartos para Aluguel, 75m²","Rua Amador Bueno, 165 - Vila Industrial, Campinas - SP",75,2 Quartos,2 Banheiros,1 Vaga,"Piscina
Elevador
Condomínio fechado
Aceita animais
Jardim
...",R$ 1.500 /mês,R$ 698,Campinas,2022-05-11 22:33
2558687954,https://www.vivareal.com.br/imovel/apartamento-3-quartos-parque-prado-bairros-campinas-com-garagem-87m2-aluguel-RS3450-id-2558687954/,"Apartamento com 3 Quartos para Aluguel, 87m²","Avenida Brunoro de Gasperi, 470 - Parque Prado, Campinas - SP",87,3 Quartos,3 Banheiros,2 Vagas,"Churrasqueira
Elevador
Varanda
Academia
Playground
...",R$ 3.450 /mês,R$ 800,Campinas,2022-05-11 22:33
2559671459,https://www.vivareal.com.br/imovel/apartamento-3-quartos-jardim-nossa-senhora-auxiliadora-bairros-campinas-com-garagem-75m2-aluguel-RS2950-id-2559671459/,"Apartamento com 3 Quartos para Aluguel, 75m²","Jardim Nossa Senhora Auxiliadora, Campinas - SP",75,3 Quartos,2 Banheiros,2 Vagas,"Churrasqueira
Piscina
Copa
Varanda",R$ 2.950 /mês,R$ 720,Campinas,2022-05-11 22:33
2561135467,https://www.vivareal.com.br/imovel/apartamento-1-quartos-botafogo-bairros-campinas-com-garagem-47m2-aluguel-RS2600-id-2561135467/,"Apartamento com Quarto para Aluguel, 47m²","Rua Alaor Malta Guimarães, 40 - Botafogo, Campinas - SP",47,1 Quarto,1 Banheiro,1 Vaga,"Churrasqueira
Academia",R$ 2.600 /mês,R$ 492,Campinas,2022-05-11 22:33
2527777479,https://www.vivareal.com.br/imovel/apartamento-2-quartos-cambui-bairros-campinas-com-garagem-122m2-venda-RS1400000-id-2527777479/,Apartamento com 2 Quartos para Venda/Aluguel 122m²,"Rua Alecrins, 700 - Cambuí, Campinas - SP",122,2 Quartos,3 Banheiros,2 Vagas,Sauna,"R$ 9.000 /mês
R$ 1.400.000",R$ 1.250,Campinas,2022-05-11 22:33
2542212238,https://www.vivareal.com.br/imovel/apartamento-2-quartos-jardim-proenca-bairros-campinas-com-garagem-81m2-aluguel-RS1250-id-2542212238/,"Apartamento com 2 Quartos para Aluguel, 81m²","Rua Dom Luís Antônio de Sousa, 49 - Jardim Proença, Campinas - SP",81,2 Quartos,2 Banheiros,1 Vaga,"Cozinha
Elevador
Varanda
Área de serviço",R$ 1.250 /mês,R$ 620,Campinas,2022-05-11 22:33
2556894424,https://www.vivareal.com.br/imovel/apartamento-2-quartos-vila-marieta-bairros-campinas-com-garagem-49m2-aluguel-RS1700-id-2556894424/,"Apartamento com 2 Quartos para Aluguel, 49m²","Avenida Washington Luís, 4000 - Vila Marieta, Campinas - SP",49,2 Quartos,1 Banheiro,1 Vaga,"Lareira
Garagem",R$ 1.700 /mês,R$ 242,Campinas,2022-05-11 22:33
2561879501,https://www.vivareal.com.br/imovel/apartamento-2-quartos-mansoes-santo-antonio-bairros-campinas-com-garagem-73m2-aluguel-RS3200-id-2561879501/,"Apartamento com 2 Quartos para Aluguel, 73m²","Rua Jasmim - Mansões Santo Antônio, Campinas - SP",73,2 Quartos,2 Banheiros,2 Vagas,"Piscina
Churrasqueira
Elevador
Condomínio fechado
Academia
...",R$ 3.200 /mês,R$ 600,Campinas,2022-05-11 22:33
2560915007,https://www.vivareal.com.br/imovel/apartamento-3-quartos-centro-bairros-campinas-com-garagem-119m2-aluguel-RS2100-id-2560915007/,"Apartamento com 3 Quartos para Aluguel, 119m²","Avenida Doutor Moraes Salles, 1610 - Centro, Campinas - SP",119,3 Quartos,1 Banheiro,1 Vaga,,R$ 2.100 /mês,,Campinas,2022-05-11 22:33
2561869561,https://www.vivareal.com.br/imovel/apartamento-2-quartos-chacara-da-barra-bairros-campinas-com-garagem-77m2-aluguel-RS1250-id-2561869561/,"Apartamento com 2 Quartos para Aluguel, 77m²","Rua Mogi Guaçu, 88 - Chácara da Barra, Campinas - SP",77,2 Quartos,2 Banheiros,1 Vaga,Cozinha,R$ 1.250 /mês,R$ 300,Campinas,2022-05-11 22:33
2533360312,https://www.vivareal.com.br/imovel/apartamento-4-quartos-cambui-bairros-campinas-com-garagem-161m2-venda-RS1200000-id-2533360312/,Apartamento com 4 Quartos para Venda/Aluguel 161m²,"Rua Coronel Quirino, 1343 - Cambuí, Campinas - SP",161,4 Quartos,5 Banheiros,2 Vagas,,"R$ 5.200 /mês
R$ 1.200.000",R$ 1.000,Campinas,2022-05-11 22:33
2560352378,https://www.vivareal.com.br/imovel/apartamento-2-quartos-bosque-bairros-campinas-com-garagem-70m2-aluguel-RS850-id-2560352378/,"Apartamento com 2 Quartos para Aluguel, 70m²","Rua Barão de Paranapanema, 208 - Bosque, Campinas - SP",70,2 Quartos,2 Banheiros,1 Vaga,"Portão eletrônico
Portaria 24h",R$ 850 /mês,R$ 580,Campinas,2022-05-11 22:33
2559622392,https://www.vivareal.com.br/imovel/apartamento-2-quartos-mansoes-santo-antonio-bairros-campinas-com-garagem-75m2-venda-RS480000-id-2559622392/,Apartamento com 2 Quartos para Venda/Aluguel 75m²,"Rua Hermantino Coelho, 161 - Mansões Santo Antônio, Campinas - SP",75,2 Quartos,2 Banheiros,1 Vaga,Varanda,"R$ 2.600 /mês
R$ 480.000",R$ 600,Campinas,2022-05-11 22:33
2553896894,https://www.vivareal.com.br/imovel/apartamento-3-quartos-botafogo-bairros-campinas-91m2-aluguel-RS2000-id-2553896894/,"Apartamento com 3 Quartos para Aluguel, 91m²","Rua Comendador Luiz José Pereira de Queiroz, 170 - Botafogo, Campinas - SP",91,3 Quartos,2 Banheiros,-- Vaga,"Piscina
Churrasqueira
Elevador
Condomínio fechado
Varanda
...",R$ 2.000 /mês,R$ 445,Campinas,2022-05-11 22:33
2561723361,https://www.vivareal.com.br/imovel/apartamento-1-quartos-vila-itapura-bairros-campinas-com-garagem-60m2-aluguel-RS1000-id-2561723361/,"Apartamento com Quarto para Aluguel, 60m²","Vila Itapura, Campinas - SP",60,1 Quarto,1 Banheiro,1 Vaga,,R$ 1.000 /mês,R$ 420,Campinas,2022-05-11 22:33
2553665955,https://www.vivareal.com.br/imovel/apartamento-3-quartos-jardim-madalena-bairros-campinas-com-garagem-131m2-aluguel-RS6500-id-2553665955/,"Apartamento com 3 Quartos para Aluguel, 131m²","Avenida Doutor José Bonifácio Coutinho Nogueira, 255 - Jardim Madalena, Campinas - SP",131,3 Quartos,5 Banheiros,2 Vagas,"Varanda
Churrasqueira
Elevador",R$ 6.500 /mês,R$ 1.281,Campinas,2022-05-11 22:33
2555149142,https://www.vivareal.com.br/imovel/apartamento-3-quartos-jardim-nova-europa-bairros-campinas-com-garagem-62m2-aluguel-RS1700-id-2555149142/,"Apartamento com 3 Quartos para Aluguel, 62m²","Rua Manoel Sylvestre de Freitas Filho, 1224 - Jardim Nova Europa, Campinas - SP",62,3 Quartos,2 Banheiros,1 Vaga,"Playground
Varanda
Cozinha",R$ 1.700 /mês,R$ 325,Campinas,2022-05-11 22:33
2559282201,https://www.vivareal.com.br/imovel/apartamento-1-quartos-cambui-bairros-campinas-com-garagem-40m2-aluguel-RS2550-id-2559282201/,"Apartamento com Quarto para Aluguel, 40m²","Rua Emília Paiva Meira, 174 - Cambuí, Campinas - SP",40,1 Quarto,1 Banheiro,1 Vaga,"Piscina
Churrasqueira
Varanda gourmet
Lavanderia
Piscina para adulto
...",R$ 2.550 /mês,R$ 727,Campinas,2022-05-11 22:33
2560265253,https://www.vivareal.com.br/imovel/apartamento-3-quartos-mansoes-santo-antonio-bairros-campinas-com-garagem-72m2-venda-RS450000-id-2560265253/,Apartamento com 3 Quartos para Venda/Aluguel 72m²,"Rua Hermantino Coelho, 195 - Mansões Santo Antônio, Campinas - SP",72,3 Quartos,2 Banheiros,1 Vaga,"Piscina
Varanda
Academia
Espaço gourmet
Ar-condicionado
...","R$ 2.400 /mês
R$ 450.000",R$ 615,Campinas,2022-05-11 22:33
2513921286,https://www.vivareal.com.br/imovel/apartamento-1-quartos-parque-das-universidades-bairros-campinas-com-garagem-12m2-aluguel-RS1350-id-2513921286/,"Apartamento com Quarto para Aluguel, 12m²","Rua Agostinho Zechin - Parque das Universidades, Campinas - SP",12,1 Quarto,1 Banheiro,1 Vaga,"Lavanderia
Condomínio fechado
Conexão à internet
Mobiliado",R$ 1.350 /mês,,Campinas,2022-05-11 22:33
2561191715,https://www.vivareal.com.br/imovel/apartamento-4-quartos-vila-itapura-bairros-campinas-com-garagem-150m2-aluguel-RS2000-id-2561191715/,"Apartamento com 4 Quartos para Aluguel, 150m²","Rua José Paulino, 1875 - Vila Itapura, Campinas - SP",150,4 Quartos,1 Banheiro,2 Vagas,"Piscina
Elevador
Academia
Aceita animais
Espaço gourmet
...",R$ 2.000 /mês,R$ 1.400,Campinas,2022-05-11 22:33
2552690000,https://www.vivareal.com.br/imovel/apartamento-1-quartos-vila-industrial-bairros-campinas-com-garagem-37m2-venda-RS210000-id-2552690000/,Apartamento com Quarto para Venda/Aluguel 37m²,"Vila Industrial, Campinas - SP",37,1 Quarto,1 Banheiro,1 Vaga,"Cozinha
Elevador
Interfone
Lavanderia
Varanda","R$ 1.350 /mês
R$ 210.000",,Campinas,2022-05-11 22:33
2550429117,https://www.vivareal.com.br/imovel/apartamento-1-quartos-centro-bairros-campinas-com-garagem-30m2-aluguel-RS490-id-2550429117/,"Apartamento com Quarto para Aluguel, 30m²","Rua Regente Feijó, 410 - Centro, Campinas - SP",30,1 Quarto,1 Banheiro,1 Vaga,"Copa
Elevador
Cozinha",R$ 490 /mês,R$ 410,Campinas,2022-05-11 22:33
2554516497,https://www.vivareal.com.br/imovel/apartamento-2-quartos-vila-marieta-bairros-campinas-com-garagem-45m2-venda-RS280000-id-2554516497/,Apartamento com 2 Quartos para Venda/Aluguel 45m²,"Avenida Washington Luís, 4600 - Vila Marieta, Campinas - SP",45,2 Quartos,1 Banheiro,1 Vaga,"Playground
Churrasqueira
Garagem
Varanda gourmet","R$ 1.400 /mês
R$ 280.000",R$ 260,Campinas,2022-05-11 22:33
2555407567,https://www.vivareal.com.br/imovel/apartamento-2-quartos-centro-bairros-campinas-88m2-aluguel-RS1450-id-2555407567/,"Apartamento com 2 Quartos para Aluguel, 88m²","Avenida Andrade Neves, 290 - Centro, Campinas - SP",88,2 Quartos,1 Banheiro,-- Vaga,Aceita animais,R$ 1.450 /mês,R$ 495,Campinas,2022-05-11 22:33
2559413742,https://www.vivareal.com.br/imovel/apartamento-3-quartos-cambui-bairros-campinas-com-garagem-115m2-venda-RS550000-id-2559413742/,Apartamento com 3 Quartos para Venda/Aluguel 115m²,"Cambuí, Campinas - SP",115,3 Quartos,3 Banheiros,1 Vaga,"Cozinha
Lavanderia
TV a cabo
Área de serviço","R$ 1.000 /mês
R$ 550.000",R$ 1.000,Campinas,2022-05-11 22:33
2558823809,https://www.vivareal.com.br/imovel/apartamento-2-quartos-parque-taquaral-bairros-campinas-com-garagem-106m2-aluguel-RS2000-id-2558823809/,"Apartamento com 2 Quartos para Aluguel, 106m²","Parque Taquaral, Campinas - SP",106,2 Quartos,1 Banheiro,1 Vaga,,R$ 2.000 /mês,,Campinas,2022-05-11 22:33
2556053540,https://www.vivareal.com.br/imovel/apartamento-2-quartos-cidade-satelite-iris-bairros-campinas-com-garagem-49m2-aluguel-RS900-id-2556053540/,"Apartamento com 2 Quartos para Aluguel, 49m²","Cidade Satélite Íris, Campinas - SP",49,2 Quartos,1 Banheiro,1 Vaga,"Condomínio fechado
Vista para o mar",R$ 900 /mês,,Campinas,2022-05-11 22:33
2561190650,https://www.vivareal.com.br/imovel/apartamento-1-quartos-cambui-bairros-campinas-com-garagem-65m2-aluguel-RS1200-id-2561190650/,"Apartamento com Quarto para Aluguel, 65m²","Rua Alecrins, 246 - Cambuí, Campinas - SP",65,1 Quarto,2 Banheiros,1 Vaga,"Piscina
Churrasqueira
Elevador
Ar-condicionado
Jardim
...",R$ 1.200 /mês,R$ 700,Campinas,2022-05-11 22:33
2527364182,https://www.vivareal.com.br/imovel/apartamento-2-quartos-sao-bernardo-bairros-campinas-com-garagem-60m2-aluguel-RS1200-id-2527364182/,"Apartamento com 2 Quartos para Aluguel, 60m²","Rua Doutor Cassiano Gonzaga, 672 - São Bernardo, Campinas - SP",60,2 Quartos,1 Banheiro,1 Vaga,"Piscina
Condomínio fechado
Aceita animais
Jardim
Portaria 24h
...",R$ 1.200 /mês,R$ 472,Campinas,2022-05-11 22:33
2560601095,https://www.vivareal.com.br/imovel/apartamento-3-quartos-parque-prado-bairros-campinas-com-garagem-75m2-venda-RS520000-id-2560601095/,Apartamento com 3 Quartos para Venda/Aluguel 75m²,"Parque Prado, Campinas - SP",75,3 Quartos,2 Banheiros,1 Vaga,,"R$ 2.800 /mês
R$ 520.000",R$ 536,Campinas,2022-05-11 22:33
2508223294,https://www.vivareal.com.br/imovel/apartamento-2-quartos-centro-bairros-campinas-com-garagem-82m2-aluguel-RS900-id-2508223294/,"Apartamento com 2 Quartos para Aluguel, 82m²","Rua Doutor Quirino - Centro, Campinas - SP",82,2 Quartos,2 Banheiros,1 Vaga,,R$ 900 /mês,R$ 613,Campinas,2022-05-11 22:33
2556498434,https://www.vivareal.com.br/imovel/apartamento-3-quartos-cambui-bairros-campinas-com-garagem-85m2-aluguel-RS2500-id-2556498434/,"Apartamento com 3 Quartos para Aluguel, 85m²","Cambuí, Campinas - SP",85,3 Quartos,3 Banheiros,2 Vagas,,R$ 2.500 /mês,R$ 1.193,Campinas,2022-05-11 22:33
2550456978,https://www.vivareal.com.br/imovel/apartamento-4-quartos-cambui-bairros-campinas-com-garagem-220m2-aluguel-RS8000-id-2550456978/,"Apartamento com 4 Quartos para Aluguel, 220m²","Rua Santo Antônio - Cambuí, Campinas - SP",220,4 Quartos,4 Banheiros,5 Vagas,"Piscina
Churrasqueira
Varanda
Academia
Ar-condicionado
...",R$ 8.000 /mês,R$ 2.200,Campinas,2022-05-11 22:33
2561128253,https://www.vivareal.com.br/imovel/apartamento-3-quartos-mansoes-santo-antonio-bairros-campinas-com-garagem-75m2-aluguel-RS2200-id-2561128253/,"Apartamento com 3 Quartos para Aluguel, 75m²","Rua Egle Moretti Belintani, 33 - Mansões Santo Antônio, Campinas - SP",75,3 Quartos,2 Banheiros,2 Vagas,Varanda gourmet,R$ 2.200 /mês,R$ 600,Campinas,2022-05-11 22:33
2560894888,https://www.vivareal.com.br/imovel/apartamento-3-quartos-cambui-bairros-campinas-com-garagem-160m2-aluguel-RS6300-id-2560894888/,"Apartamento com 3 Quartos para Aluguel, 160m²","Rua Antônio Lapa, 343 - Cambuí, Campinas - SP",160,3 Quartos,4 Banheiros,3 Vagas,"Piscina para adulto
Varanda gourmet
Academia
Lavanderia
Piscina",R$ 6.300 /mês,R$ 995,Campinas,2022-05-11 22:33
2558426499,https://www.vivareal.com.br/imovel/apartamento-2-quartos-jardim-florence-bairros-campinas-com-garagem-48m2-aluguel-RS920-id-2558426499/,"Apartamento com 2 Quartos para Aluguel, 48m²","Avenida Doutora Zilda Arns Neumann - Jardim Florence, Campinas - SP",48,2 Quartos,1 Banheiro,1 Vaga,"Churrasqueira
Playground
Elevador
Salão de festas
Portão eletrônico",R$ 920 /mês,,Campinas,2022-05-11 22:33
2560147031,https://www.vivareal.com.br/imovel/apartamento-3-quartos-jardim-novo-cambui-bairros-campinas-com-garagem-87m2-venda-RS550000-id-2560147031/,Apartamento com 3 Quartos para Venda/Aluguel 87m²,"Jardim Novo Cambuí, Campinas - SP",87,3 Quartos,3 Banheiros,2 Vagas,"Condomínio fechado
Elevador
Interfone
Piscina
Área de serviço","R$ 1.850 /mês
R$ 550.000",R$ 598,Campinas,2022-05-11 22:33
2558017055,https://www.vivareal.com.br/imovel/apartamento-1-quartos-cambui-bairros-campinas-com-garagem-45m2-aluguel-RS900-id-2558017055/,"Apartamento com Quarto para Aluguel, 45m²","Rua Major Solon - Cambuí, Campinas - SP",45,1 Quarto,1 Banheiro,1 Vaga,Segurança 24h,R$ 900 /mês,R$ 590,Campinas,2022-05-11 22:33
2560440841,https://www.vivareal.com.br/imovel/apartamento-2-quartos-centro-bairros-campinas-com-garagem-80m2-aluguel-RS1100-id-2560440841/,"Apartamento com 2 Quartos para Aluguel, 80m²","Rua Dez de Setembro, 147 - Centro, Campinas - SP",80,2 Quartos,2 Banheiros,2 Vagas,"Condomínio fechado
Área de serviço",R$ 1.100 /mês,R$ 320,Campinas,2022-05-11 22:33
2559283441,https://www.vivareal.com.br/imovel/apartamento-3-quartos-vila-brandina-bairros-campinas-com-garagem-132m2-aluguel-RS13000-id-2559283441/,"Apartamento com 3 Quartos para Aluguel, 132m²","Vila Brandina, Campinas - SP",132,3 Quartos,3 Banheiros,2 Vagas,"Piscina
Mobiliado
Churrasqueira
Varanda
Academia
...",R$ 13.000 /mês,R$ 1.050,Campinas,2022-05-11 22:33
2559840385,https://www.vivareal.com.br/imovel/apartamento-3-quartos-fazenda-santa-candida-bairros-campinas-com-garagem-111m2-aluguel-RS3600-id-2559840385/,"Apartamento com 3 Quartos para Aluguel, 111m²","Rua Arquiteto José Augusto Silva - Fazenda Santa Cândida, Campinas - SP",111,3 Quartos,2 Banheiros,3 Vagas,"Piscina
Churrasqueira
Elevador
Condomínio fechado
Academia
...",R$ 3.600 /mês,R$ 500,Campinas,2022-05-11 22:33
2555779415,https://www.vivareal.com.br/imovel/apartamento-2-quartos-cambui-bairros-campinas-com-garagem-70m2-aluguel-RS3500-id-2555779415/,"Apartamento com 2 Quartos para Aluguel, 70m²","Cambuí, Campinas - SP",70,2 Quartos,2 Banheiros,2 Vagas,"Piscina
Elevador
Academia
Ar-condicionado
Área de serviço
...",R$ 3.500 /mês,R$ 730,Campinas,2022-05-11 22:33
2555971230,https://www.vivareal.com.br/imovel/apartamento-2-quartos-swift-bairros-campinas-com-garagem-60m2-venda-RS480000-id-2555971230/,Apartamento com 2 Quartos à Venda/Aluguel 60m²,"Rua Martinho Calsavara - Swift, Campinas - SP",60,2 Quartos,2 Banheiros,1 Vaga,"Piscina
Churrasqueira
Elevador
Condomínio fechado
Academia
...","R$ 2.100 /mês
R$ 480.000",R$ 392,Campinas,2022-05-11 22:33
2554705516,https://www.vivareal.com.br/imovel/apartamento-2-quartos-jardim-von-zuben-bairros-campinas-com-garagem-60m2-aluguel-RS850-id-2554705516/,"Apartamento com 2 Quartos para Aluguel, 60m²","Avenida Engenheiro Antônio Francisco de Paula Souza, 3007 - Jardim Von Zuben, Campinas - SP",60,2 Quartos,1 Banheiro,1 Vaga,"Piscina
Churrasqueira
Condomínio fechado
Academia",R$ 850 /mês,R$ 435,Campinas,2022-05-11 22:33
2559397687,https://www.vivareal.com.br/imovel/apartamento-2-quartos-cambui-bairros-campinas-com-garagem-70m2-aluguel-RS3800-id-2559397687/,"Apartamento com 2 Quartos para Aluguel, 70m²","Rua Doutor José Teodoro de Lima, 66 - Cambuí, Campinas - SP",70,2 Quartos,2 Banheiros,2 Vagas,,R$ 3.800 /mês,R$ 860,Campinas,2022-05-11 22:33
2562168968,https://www.vivareal.com.br/imovel/apartamento-3-quartos-swift-bairros-campinas-com-garagem-87m2-venda-RS670000-id-2562168968/,Apartamento com 3 Quartos à Venda/Aluguel 87m²,"Rua Engenheiro Augusto de Figueiredo - Swift, Campinas - SP",87,3 Quartos,2 Banheiros,2 Vagas,"Piscina
Churrasqueira
Elevador
Condomínio fechado
Academia
...","R$ 3.100 /mês
R$ 670.000",R$ 670,Campinas,2022-05-11 22:33
2552507098,https://www.vivareal.com.br/imovel/apartamento-3-quartos-cambui-bairros-campinas-com-garagem-115m2-aluguel-RS6490-id-2552507098/,"Apartamento com 3 Quartos para Aluguel, 115m²","Rua José Villagelin Júnior, 93 - Cambuí, Campinas - SP",115,3 Quartos,4 Banheiros,2 Vagas,"Piscina
Churrasqueira
Condomínio fechado
Academia
Aceita animais
...",R$ 6.490 /mês,R$ 1.150,Campinas,2022-05-11 22:33
2556725019,https://www.vivareal.com.br/imovel/apartamento-3-quartos-loteamento-residencial-vila-bella-bairros-campinas-com-garagem-181m2-aluguel-RS10000-id-2556725019/,"Apartamento com 3 Quartos para Aluguel, 181m²","Loteamento Residencial Vila Bella, Campinas - SP",181,3 Quartos,5 Banheiros,3 Vagas,,R$ 10.000 /mês,R$ 1.795,Campinas,2022-05-11 22:33
2561433664,https://www.vivareal.com.br/imovel/apartamento-2-quartos-cambui-bairros-campinas-com-garagem-58m2-aluguel-RS3590-id-2561433664/,"Apartamento com 2 Quartos para Aluguel, 58m²","Rua Santa Cruz, 333 - Cambuí, Campinas - SP",58,2 Quartos,2 Banheiros,2 Vagas,"Piscina
Mobiliado
Churrasqueira
Elevador
Varanda
...",R$ 3.590 /mês,R$ 590,Campinas,2022-05-11 22:33
2557988488,https://www.vivareal.com.br/imovel/apartamento-3-quartos-jardim-flamboyant-bairros-campinas-com-garagem-71m2-venda-RS260000-id-2557988488/,Apartamento com 3 Quartos para Venda/Aluguel 71m²,"Rua Presidente Prudente, 420 - Jardim Flamboyant, Campinas - SP",71,3 Quartos,2 Banheiros,1 Vaga,"Cozinha
Interfone
Lavanderia
TV a cabo
Área de serviço","R$ 1.300 /mês
R$ 260.000",R$ 350,Campinas,2022-05-11 22:33
2531161180,https://www.vivareal.com.br/imovel/apartamento-2-quartos-ponte-preta-bairros-campinas-com-garagem-70m2-aluguel-RS1390-id-2531161180/,"Apartamento com 2 Quartos para Aluguel, 70m²","Rua Floriano Camargo Penteado, 365 - Ponte Preta, Campinas - SP",70,2 Quartos,2 Banheiros,2 Vagas,Varanda,R$ 1.390 /mês,R$ 660,Campinas,2022-05-11 22:33
2561417619,https://www.vivareal.com.br/imovel/apartamento-1-quartos-centro-bairros-campinas-com-garagem-40m2-aluguel-RS2100-id-2561417619/,"Apartamento com Quarto para Aluguel, 40m²","Centro, Campinas - SP",40,1 Quarto,1 Banheiro,1 Vaga,"Piscina
Churrasqueira
Elevador
Varanda
Ar-condicionado
...",R$ 2.100 /mês,R$ 550,Campinas,2022-05-11 22:33
2561660548,https://www.vivareal.com.br/imovel/apartamento-4-quartos-mansoes-santo-antonio-bairros-campinas-com-garagem-109m2-aluguel-RS3500-id-2561660548/,"Apartamento com 4 Quartos para Aluguel, 109m²","Rua Jasmim, 850 - Mansões Santo Antônio, Campinas - SP",109,4 Quartos,3 Banheiros,2 Vagas,"Piscina
Academia
Playground
Varanda gourmet
Lavanderia
...",R$ 3.500 /mês,R$ 990,Campinas,2022-05-11 22:33
2561527394,https://www.vivareal.com.br/imovel/apartamento-3-quartos-mansoes-santo-antonio-bairros-campinas-com-garagem-79m2-aluguel-RS2700-id-2561527394/,"Apartamento com 3 Quartos para Aluguel, 79m²","Rua Nelson Alaite, 71 - Mansões Santo Antônio, Campinas - SP",79,3 Quartos,2 Banheiros,2 Vagas,"Piscina
Churrasqueira
Academia
Garagem
Varanda gourmet
...",R$ 2.700 /mês,R$ 750,Campinas,2022-05-11 22:33
2551053764,https://www.vivareal.com.br/imovel/apartamento-2-quartos-jardim-antonio-von-zuben-bairros-campinas-com-garagem-50m2-aluguel-RS1600-id-2551053764/,"Apartamento com 2 Quartos para Aluguel, 50m²","Avenida Engenheiro Antônio Francisco de Paula Souza, 2601 - Jardim Antonio Von Zuben, Campinas - SP",50,2 Quartos,1 Banheiro,1 Vaga,"Playground
Churrasqueira
Mobiliado",R$ 1.600 /mês,R$ 360,Campinas,2022-05-11 22:33
2558118684,https://www.vivareal.com.br/imovel/apartamento-3-quartos-swiss-park-bairros-campinas-com-garagem-91m2-aluguel-RS4860-id-2558118684/,"Apartamento com 3 Quartos para Aluguel, 91m²","Avenida Dermival Bernardes Siqueira, 2175 - Swiss Park, Campinas - SP",91,3 Quartos,3 Banheiros,2 Vagas,"Churrasqueira
Academia",R$ 4.860 /mês,R$ 600,Campinas,2022-05-11 22:33
2558005416,https://www.vivareal.com.br/imovel/apartamento-2-quartos-cambui-bairros-campinas-com-garagem-61m2-venda-RS610000-id-2558005416/,Apartamento com 2 Quartos para Venda/Aluguel 61m²,"Rua Hildebrando Siqueira, 32 - Cambuí, Campinas - SP",61,2 Quartos,2 Banheiros,2 Vagas,"Varanda
Churrasqueira","R$ 2.400 /mês
R$ 610.000",R$ 893,Campinas,2022-05-11 22:33
2556242733,https://www.vivareal.com.br/imovel/apartamento-3-quartos-botafogo-bairros-campinas-com-garagem-90m2-aluguel-RS1900-id-2556242733/,"Apartamento com 3 Quartos para Aluguel, 90m²","Rua Comendador Luiz José Pereira de Queiroz - Botafogo, Campinas - SP",90,3 Quartos,3 Banheiros,1 Vaga,"Piscina
Churrasqueira
Varanda
Playground
Interfone
...",R$ 1.900 /mês,R$ 640,Campinas,2022-05-11 22:33
2553380757,https://www.vivareal.com.br/imovel/apartamento-2-quartos-taquaral-bairros-campinas-com-garagem-87m2-aluguel-RS2700-id-2553380757/,"Apartamento com 2 Quartos para Aluguel, 87m²","Rua Otávio Machado, 225 - Taquaral, Campinas - SP",87,2 Quartos,3 Banheiros,2 Vagas,"Piscina
Churrasqueira
Academia
Playground
Varanda gourmet
...",R$ 2.700 /mês,R$ 520,Campinas,2022-05-11 22:33
2544695499,https://www.vivareal.com.br/imovel/apartamento-1-quartos-centro-bairros-campinas-com-garagem-62m2-venda-RS230000-id-2544695499/,Apartamento com Quarto para Venda/Aluguel 62m²,"Rua Doutor Quirino, 533 - Centro, Campinas - SP",62,1 Quarto,2 Banheiros,1 Vaga,Elevador,"R$ 650 /mês
R$ 230.000",R$ 720,Campinas,2022-05-11 22:33
2558376500,https://www.vivareal.com.br/imovel/apartamento-3-quartos-cambui-bairros-campinas-com-garagem-99m2-venda-RS700000-id-2558376500/,Apartamento com 3 Quartos para Venda/Aluguel 99m²,"Cambuí, Campinas - SP",99,3 Quartos,3 Banheiros,1 Vaga,,"R$ 1.800 /mês
R$ 700.000",R$ 1.050,Campinas,2022-05-11 22:33
2560198572,https://www.vivareal.com.br/imovel/apartamento-1-quartos-cambui-bairros-campinas-com-garagem-53m2-aluguel-RS2000-id-2560198572/,"Apartamento com Quarto para Aluguel, 53m²","Rua Major Solon, 311 - Cambuí, Campinas - SP",53,1 Quarto,1 Banheiro,1 Vaga,,R$ 2.000 /mês,R$ 432,Campinas,2022-05-11 22:33
2560921260,https://www.vivareal.com.br/imovel/apartamento-2-quartos-jardim-paulistano-bairros-campinas-com-garagem-55m2-aluguel-RS1600-id-2560921260/,"Apartamento com 2 Quartos para Aluguel, 55m²","Rua Lino Guedes, 35 - Jardim Paulistano, Campinas - SP",55,2 Quartos,1 Banheiro,1 Vaga,"Playground
Piscina para adulto
Churrasqueira
Piscina",R$ 1.600 /mês,R$ 540,Campinas,2022-05-11 22:33
2560817567,https://www.vivareal.com.br/imovel/apartamento-3-quartos-jardim-leonor-bairros-campinas-com-garagem-76m2-venda-RS420000-id-2560817567/,Apartamento com 3 Quartos para Venda/Aluguel 76m²,"Rua Clodomiro Franco A. Júnior, 463 - Jardim Leonor, Campinas - SP",76,3 Quartos,2 Banheiros,1 Vaga,"Churrasqueira
Varanda
Playground
Salão de festas
Interfone
...","R$ 1.500 /mês
R$ 420.000",R$ 540,Campinas,2022-05-11 22:33
2526128075,https://www.vivareal.com.br/imovel/apartamento-3-quartos-loteamento-country-ville-bairros-campinas-com-garagem-65m2-aluguel-RS750-id-2526128075/,"Apartamento com 3 Quartos para Aluguel, 65m²","Rua Doutor José Almeida Carvalho, 27 - Loteamento Country Ville, Campinas - SP",65,3 Quartos,1 Banheiro,1 Vaga,"Condomínio fechado
Portão eletrônico
Portaria 24h",R$ 750 /mês,R$ 444,Campinas,2022-05-11 22:33
2549685468,https://www.vivareal.com.br/imovel/apartamento-1-quartos-centro-bairros-campinas-55m2-aluguel-RS800-id-2549685468/,"Apartamento com Quarto para Aluguel, 55m²","Rua Sacramento, 481 - Centro, Campinas - SP",55,1 Quarto,1 Banheiro,-- Vaga,"Mobiliado
Churrasqueira
Aceita animais
Espaço gourmet
Ar-condicionado
...",R$ 800 /mês,R$ 450,Campinas,2022-05-11 22:33
2554162075,https://www.vivareal.com.br/imovel/apartamento-1-quartos-centro-bairros-campinas-30m2-aluguel-RS600-id-2554162075/,"Apartamento com Quarto para Aluguel, 30m²","Rua José Paulino, 2212 - Centro, Campinas - SP",30,1 Quarto,1 Banheiro,-- Vaga,"Cozinha
Elevador
Área de serviço",R$ 600 /mês,R$ 275,Campinas,2022-05-11 22:33
2561716482,https://www.vivareal.com.br/imovel/apartamento-3-quartos-jardim-flamboyant-bairros-campinas-com-garagem-75m2-aluguel-RS1200-id-2561716482/,"Apartamento com 3 Quartos para Aluguel, 75m²","Avenida José Bonifácio, 1025 - Jardim Flamboyant, Campinas - SP",75,3 Quartos,2 Banheiros,1 Vaga,"Varanda
Interfone",R$ 1.200 /mês,R$ 597,Campinas,2022-05-11 22:33
2560614035,https://www.vivareal.com.br/imovel/apartamento-3-quartos-jardim-chapadao-bairros-campinas-com-garagem-85m2-aluguel-RS1600-id-2560614035/,"Apartamento com 3 Quartos para Aluguel, 85m²","Avenida João Erbolato, 811 - Jardim Chapadão, Campinas - SP",85,3 Quartos,2 Banheiros,2 Vagas,Cozinha,R$ 1.600 /mês,R$ 270,Campinas,2022-05-11 22:33
2556193606,https://www.vivareal.com.br/imovel/apartamento-2-quartos-jardim-sao-gabriel-bairros-campinas-com-garagem-43m2-venda-RS240000-id-2556193606/,Apartamento com 2 Quartos para Venda/Aluguel 43m²,"Rua José Martins Lourenço - Jardim São Gabriel, Campinas - SP",43,2 Quartos,1 Banheiro,1 Vaga,"Churrasqueira
Condomínio fechado
Área de serviço
Quadra poliesportiva
Cozinha
...","R$ 1.200 /mês
R$ 240.000",R$ 260,Campinas,2022-05-11 22:33
2560365834,https://www.vivareal.com.br/imovel/apartamento-3-quartos-cambui-bairros-campinas-com-garagem-105m2-aluguel-RS3100-id-2560365834/,"Apartamento com 3 Quartos para Aluguel, 105m²","Rua dos Bandeirantes - Cambuí, Campinas - SP",105,3 Quartos,3 Banheiros,3 Vagas,"Playground
Piscina infantil
Salão de festas
Lavanderia
Segurança 24h
...",R$ 3.100 /mês,R$ 840,Campinas,2022-05-11 22:33
2560631185,https://www.vivareal.com.br/imovel/apartamento-2-quartos-parque-brasilia-bairros-campinas-com-garagem-63m2-aluguel-RS2200-id-2560631185/,"Apartamento com 2 Quartos para Aluguel, 63m²","Avenida Doutor Bernardo Kaplan, 123 - Parque Brasília, Campinas - SP",63,2 Quartos,2 Banheiros,1 Vaga,Varanda gourmet,R$ 2.200 /mês,R$ 590,Campinas,2022-05-11 22:33
2556673442,https://www.vivareal.com.br/imovel/apartamento-1-quartos-vila-industrial-bairros-campinas-com-garagem-49m2-aluguel-RS600-id-2556673442/,"Apartamento com Quarto para Aluguel, 49m²","Vila Industrial, Campinas - SP",49,1 Quarto,1 Banheiro,1 Vaga,"Bicicletário
Elevador
Portaria 24h
Portão eletrônico
Aceita animais",R$ 600 /mês,R$ 320,Campinas,2022-05-11 22:34
2561183470,https://www.vivareal.com.br/imovel/apartamento-2-quartos-cambui-bairros-campinas-com-garagem-86m2-aluguel-RS1800-id-2561183470/,"Apartamento com 2 Quartos para Aluguel, 86m²","Rua Olavo Bilac, 459 - Cambuí, Campinas - SP",86,2 Quartos,2 Banheiros,1 Vaga,Elevador,R$ 1.800 /mês,R$ 750,Campinas,2022-05-11 22:34
2561097282,https://www.vivareal.com.br/imovel/apartamento-3-quartos-fazenda-sao-quirino-bairros-campinas-com-garagem-106m2-venda-RS1580000-id-2561097282/,Apartamento com 3 Quartos para Venda/Aluguel 106m²,"Fazenda São Quirino, Campinas - SP",106,3 Quartos,3 Banheiros,2 Vagas,"Mobiliado
Churrasqueira
Condomínio fechado
Ar-condicionado
Área de serviço
...","R$ 7.200 /mês
R$ 1.580.000",R$ 1.300,Campinas,2022-05-11 22:34
2558369485,https://www.vivareal.com.br/imovel/apartamento-2-quartos-ponte-preta-bairros-campinas-com-garagem-66m2-aluguel-RS2500-id-2558369485/,"Apartamento com 2 Quartos para Aluguel, 66m²","Rua da Abolição, 1000 - Ponte Preta, Campinas - SP",66,2 Quartos,2 Banheiros,1 Vaga,"Varanda
Interfone",R$ 2.500 /mês,R$ 379,Campinas,2022-05-11 22:34
2543193531,https://www.vivareal.com.br/imovel/apartamento-2-quartos-bosque-bairros-campinas-com-garagem-60m2-aluguel-RS1150-id-2543193531/,"Apartamento com 2 Quartos para Aluguel, 60m²","Rua Uruguaiana - Bosque, Campinas - SP",60,2 Quartos,2 Banheiros,1 Vaga,,R$ 1.150 /mês,R$ 330,Campinas,2022-05-11 22:34
2561221931,https://www.vivareal.com.br/imovel/apartamento-1-quartos-vila-itapura-bairros-campinas-com-garagem-32m2-aluguel-RS500-id-2561221931/,"Apartamento com Quarto para Aluguel, 32m²","Rua Coelho Neto, 123 - Vila Itapura, Campinas - SP",32,1 Quarto,1 Banheiro,1 Vaga,,R$ 500 /mês,R$ 389,Campinas,2022-05-11 22:34
2558092954,https://www.vivareal.com.br/imovel/apartamento-2-quartos-sao-bernardo-bairros-campinas-com-garagem-43m2-aluguel-RS800-id-2558092954/,"Apartamento com 2 Quartos para Aluguel, 43m²","Rua Professor Adalberto Nascimento, 581 - São Bernardo, Campinas - SP",43,2 Quartos,1 Banheiro,1 Vaga,Cozinha,R$ 800 /mês,R$ 345,Campinas,2022-05-11 22:34
2555943358,https://www.vivareal.com.br/imovel/apartamento-2-quartos-centro-bairros-campinas-com-garagem-75m2-aluguel-RS1100-id-2555943358/,"Apartamento com 2 Quartos para Aluguel, 75m²","Rua Doutor Quirino - Centro, Campinas - SP",75,2 Quartos,1 Banheiro,1 Vaga,,R$ 1.100 /mês,R$ 540,Campinas,2022-05-11 22:34
2561509583,https://www.vivareal.com.br/imovel/apartamento-2-quartos-parque-industrial-bairros-campinas-com-garagem-46m2-aluguel-RS1450-id-2561509583/,"Apartamento com 2 Quartos para Aluguel, 46m²","Avenida João Batista Morato do Canto, 1441 - Parque Industrial, Campinas - SP",46,2 Quartos,1 Banheiro,1 Vaga,"Piscina para adulto
Churrasqueira
Academia
Piscina",R$ 1.450 /mês,R$ 290,Campinas,2022-05-11 22:34
2558907222,https://www.vivareal.com.br/imovel/apartamento-3-quartos-vila-brandina-bairros-campinas-com-garagem-116m2-aluguel-RS5000-id-2558907222/,"Apartamento com 3 Quartos para Aluguel, 116m²","Vila Brandina, Campinas - SP",116,3 Quartos,2 Banheiros,2 Vagas,"Churrasqueira
Piscina
Playground
Sauna",R$ 5.000 /mês,R$ 86.204,Campinas,2022-05-11 22:34
2560895889,https://www.vivareal.com.br/imovel/apartamento-2-quartos-mansoes-santo-antonio-bairros-campinas-com-garagem-73m2-aluguel-RS4050-id-2560895889/,"Apartamento com 2 Quartos para Aluguel, 73m²","Mansões Santo Antônio, Campinas - SP",73,2 Quartos,2 Banheiros,2 Vagas,"Piscina
Churrasqueira
Academia
Playground
Varanda gourmet
...",R$ 4.050 /mês,R$ 680,Campinas,2022-05-11 22:34
2556170922,https://www.vivareal.com.br/imovel/apartamento-2-quartos-jardim-do-lago-ii-bairros-campinas-com-garagem-60m2-aluguel-RS1000-id-2556170922/,"Apartamento com 2 Quartos para Aluguel, 60m²","Rua José Florence Teixeira, 1100 - Jardim do Lago II, Campinas - SP",60,2 Quartos,1 Banheiro,1 Vaga,"Cozinha
Interfone
Quadra poliesportiva
Varanda
Área de serviço",R$ 1.000 /mês,R$ 253,Campinas,2022-05-11 22:34
2513927291,https://www.vivareal.com.br/imovel/apartamento-2-quartos-centro-bairros-campinas-com-garagem-80m2-venda-RS280000-id-2513927291/,Apartamento com 2 Quartos para Venda/Aluguel 80m²,"Centro, Campinas - SP",80,2 Quartos,2 Banheiros,1 Vaga,Interfone,"R$ 1.000 /mês
R$ 280.000",R$ 509,Campinas,2022-05-11 22:34
2560818752,https://www.vivareal.com.br/imovel/apartamento-2-quartos-centro-bairros-campinas-78m2-aluguel-RS1100-id-2560818752/,"Apartamento com 2 Quartos para Aluguel, 78m²","Avenida Andrade Neves, 290 - Centro, Campinas - SP",78,2 Quartos,1 Banheiro,-- Vaga,"Lavanderia
Elevador
Condomínio fechado
Aceita animais",R$ 1.100 /mês,R$ 380,Campinas,2022-05-11 22:34
2558335932,https://www.vivareal.com.br/imovel/apartamento-1-quartos-taquaral-bairros-campinas-com-garagem-35m2-aluguel-RS2000-id-2558335932/,"Apartamento com Quarto para Aluguel, 35m²","Taquaral, Campinas - SP",35,1 Quarto,1 Banheiro,1 Vaga,"Cozinha
Elevador
Piscina
Área de serviço",R$ 2.000 /mês,R$ 547,Campinas,2022-05-11 22:34
2558611563,https://www.vivareal.com.br/imovel/apartamento-1-quartos-centro-bairros-campinas-30m2-aluguel-RS650-id-2558611563/,"Apartamento com Quarto para Aluguel, 30m²","Rua José Paulino, 2212 - Centro, Campinas - SP",30,1 Quarto,1 Banheiro,-- Vaga,"Cozinha
Elevador",R$ 650 /mês,R$ 327,Campinas,2022-05-11 22:34
2560390689,https://www.vivareal.com.br/imovel/apartamento-1-quartos-cambui-bairros-campinas-com-garagem-62m2-aluguel-RS2800-id-2560390689/,"Apartamento com Quarto para Aluguel, 62m²","Rua Dona Prisciliana Soares, 135 - Cambuí, Campinas - SP",62,1 Quarto,1 Banheiro,1 Vaga,"Conexão à internet
Cozinha
Mobiliado",R$ 2.800 /mês,R$ 950,Campinas,2022-05-11 22:34
2557474856,https://www.vivareal.com.br/imovel/apartamento-2-quartos-parque-taquaral-bairros-campinas-com-garagem-55m2-aluguel-RS2400-id-2557474856/,"Apartamento com 2 Quartos para Aluguel, 55m²","Rua Latino Coelho, 1301 - Parque Taquaral, Campinas - SP",55,2 Quartos,2 Banheiros,1 Vaga,,R$ 2.400 /mês,,Campinas,2022-05-11 22:34
2561497727,https://www.vivareal.com.br/imovel/apartamento-2-quartos-jardim-nova-europa-bairros-campinas-com-garagem-53m2-aluguel-RS1700-id-2561497727/,"Apartamento com 2 Quartos para Aluguel, 53m²","Avenida Baden Powell, 1211 - Jardim Nova Europa, Campinas - SP",53,2 Quartos,1 Banheiro,1 Vaga,"Piscina
Churrasqueira
Elevador
Varanda
Garagem
...",R$ 1.700 /mês,R$ 400,Campinas,2022-05-11 22:34
2556101713,https://www.vivareal.com.br/imovel/apartamento-3-quartos-centro-bairros-campinas-com-garagem-90m2-aluguel-RS1000-id-2556101713/,"Apartamento com 3 Quartos para Aluguel, 90m²","Centro, Campinas - SP",90,3 Quartos,2 Banheiros,1 Vaga,"Jardim
Elevador
Portão eletrônico
Portaria 24h
Aceita animais",R$ 1.000 /mês,R$ 682,Campinas,2022-05-11 22:34
2561254190,https://www.vivareal.com.br/imovel/apartamento-2-quartos-parque-jambeiro-bairros-campinas-com-garagem-50m2-aluguel-RS1300-id-2561254190/,"Apartamento com 2 Quartos para Aluguel, 50m²","Avenida São José dos Campos - Parque Jambeiro, Campinas - SP",50,2 Quartos,1 Banheiro,1 Vaga,"Churrasqueira
Condomínio fechado
Área de serviço
Quadra poliesportiva
Cozinha
...",R$ 1.300 /mês,R$ 260,Campinas,2022-05-11 22:34
2554874529,https://www.vivareal.com.br/imovel/apartamento-3-quartos-jardim-flamboyant-bairros-campinas-com-garagem-75m2-venda-RS320000-id-2554874529/,Apartamento com 3 Quartos para Venda/Aluguel 75m²,"Avenida José Bonifácio - Jardim Flamboyant, Campinas - SP",75,3 Quartos,1 Banheiro,1 Vaga,Condomínio fechado,"R$ 980 /mês
R$ 320.000",R$ 586,Campinas,2022-05-11 22:34
2548323154,https://www.vivareal.com.br/imovel/apartamento-1-quartos-botafogo-bairros-campinas-com-garagem-55m2-aluguel-RS680-id-2548323154/,"Apartamento com Quarto para Aluguel, 55m²","Botafogo, Campinas - SP",55,1 Quarto,1 Banheiro,1 Vaga,Interfone,R$ 680 /mês,R$ 752,Campinas,2022-05-11 22:34
2521343398,https://www.vivareal.com.br/imovel/apartamento-3-quartos-cambui-bairros-campinas-com-garagem-100m2-venda-RS1270000-id-2521343398/,Apartamento com 3 Quartos para Venda/Aluguel 100m²,"Rua Santo Antônio, 338 - Cambuí, Campinas - SP",100,3 Quartos,4 Banheiros,2 Vagas,"Piscina
Mobiliado
Churrasqueira
Elevador
Varanda
...","R$ 6.000 /mês
R$ 1.270.000",R$ 1.200,Campinas,2022-05-11 22:34
2560237286,https://www.vivareal.com.br/imovel/apartamento-2-quartos-cambui-bairros-campinas-com-garagem-64m2-aluguel-RS2750-id-2560237286/,"Apartamento com 2 Quartos para Aluguel, 64m²","Rua Dona Josefina Sarmento, 367 - Cambuí, Campinas - SP",64,2 Quartos,3 Banheiros,2 Vagas,"Piscina para adulto
Varanda
Elevador
Piscina",R$ 2.750 /mês,R$ 783,Campinas,2022-05-11 22:34
2561152190,https://www.vivareal.com.br/imovel/apartamento-3-quartos-swiss-park-bairros-campinas-com-garagem-91m2-aluguel-RS4700-id-2561152190/,"Apartamento com 3 Quartos para Aluguel, 91m²","Avenida Dermival Bernardes Siqueira, 1874 - Swiss Park, Campinas - SP",91,3 Quartos,2 Banheiros,2 Vagas,"Piscina
Churrasqueira
Elevador
Condomínio fechado
Quintal
...",R$ 4.700 /mês,R$ 699,Campinas,2022-05-11 22:34
2554226404,https://www.vivareal.com.br/imovel/apartamento-1-quartos-cambui-bairros-campinas-com-garagem-50m2-aluguel-RS650-id-2554226404/,"Apartamento com Quarto para Aluguel, 50m²","Cambuí, Campinas - SP",50,1 Quarto,1 Banheiro,1 Vaga,"Segurança 24h
Cozinha
Elevador
Interfone",R$ 650 /mês,R$ 513,Campinas,2022-05-11 22:34
2532253627,https://www.vivareal.com.br/imovel/apartamento-2-quartos-cambui-bairros-campinas-com-garagem-70m2-aluguel-RS1200-id-2532253627/,"Apartamento com 2 Quartos para Aluguel, 70m²","Avenida Júlio de Mesquita, 72 - Cambuí, Campinas - SP",70,2 Quartos,2 Banheiros,1 Vaga,,R$ 1.200 /mês,R$ 706,Campinas,2022-05-11 22:34
2560631191,https://www.vivareal.com.br/imovel/apartamento-1-quartos-taquaral-bairros-campinas-com-garagem-70m2-aluguel-RS2850-id-2560631191/,"Apartamento com Quarto para Aluguel, 70m²","Rua Henrique Schroeder, 320 - Taquaral, Campinas - SP",70,1 Quarto,2 Banheiros,1 Vaga,"Mobiliado
Lavanderia",R$ 2.850 /mês,R$ 489,Campinas,2022-05-11 22:34
2549579778,https://www.vivareal.com.br/imovel/apartamento-1-quartos-jardim-paraiso-bairros-campinas-com-garagem-61m2-aluguel-RS1800-id-2549579778/,"Apartamento com Quarto para Aluguel, 61m²","Jardim Paraíso, Campinas - SP",61,1 Quarto,1 Banheiro,1 Vaga,"Condomínio fechado
Portão eletrônico
Elevador
Aceita animais",R$ 1.800 /mês,,Campinas,2022-05-11 22:34
2555179313,https://www.vivareal.com.br/imovel/apartamento-1-quartos-vila-itapura-bairros-campinas-com-garagem-42m2-aluguel-RS2500-id-2555179313/,"Apartamento com Quarto para Aluguel, 42m²","Rua Álvaro Muller, 135 - Vila Itapura, Campinas - SP",42,1 Quarto,1 Banheiro,1 Vaga,"Piscina
Churrasqueira
Elevador
Condomínio fechado
Academia
...",R$ 2.500 /mês,R$ 350,Campinas,2022-05-11 22:34
2556511284,https://www.vivareal.com.br/imovel/apartamento-3-quartos-parque-prado-bairros-campinas-com-garagem-162m2-venda-RS1650000-id-2556511284/,Apartamento com 3 Quartos para Venda/Aluguel 162m²,"Avenida Maria Emília Alves dos Santos de Ângelis, 660 - Parque Prado, Campinas - SP",162,3 Quartos,5 Banheiros,3 Vagas,"Piscina
Churrasqueira
Elevador
Garagem
Lavanderia","R$ 9.500 /mês
R$ 1.650.000",R$ 1.550,Campinas,2022-05-11 22:34
2561068055,https://www.vivareal.com.br/imovel/apartamento-2-quartos-centro-bairros-campinas-78m2-aluguel-RS1200-id-2561068055/,"Apartamento com 2 Quartos para Aluguel, 78m²","Rua Doutor Quirino, 650 - Centro, Campinas - SP",78,2 Quartos,2 Banheiros,-- Vaga,"Cozinha
Elevador
Área de serviço",R$ 1.200 /mês,R$ 540,Campinas,2022-05-11 22:34
2551142661,https://www.vivareal.com.br/imovel/apartamento-1-quartos-cambui-bairros-campinas-com-garagem-51m2-aluguel-RS2800-id-2551142661/,"Apartamento com Quarto para Aluguel, 51m²","Rua Major Solon, 616 - Cambuí, Campinas - SP",51,1 Quarto,2 Banheiros,1 Vaga,"Piscina
Churrasqueira
Academia
Varanda gourmet
Piscina para adulto
...",R$ 2.800 /mês,R$ 646,Campinas,2022-05-11 22:34
